she was hungry,Amy ate a sandwich because she was hungry,Amy ate a sandwich
she hasn't eaten in 5 hours,she was hungry because she hasn't eaten in 5 hours,she was hungry
she has been very busy all morning,she hasn't eaten in 5 hours because she has been very busy all morning,she hasn't eaten in 5 hours
he babysitter called out sick at the last minute,she has been very busy all morning because he babysitter called out sick at the last minute,she has been very busy all morning
the flu virus was going around,he babysitter called out sick at the last minute because the flu virus was going around,he babysitter called out sick at the last minute
he wanted to learn how to garden,Jack read a book about gardening because he wanted to learn how to garden,Jack read a book about gardening
he wanted to grow his own vegetables,he wanted to learn how to garden because he wanted to grow his own vegetables,he wanted to learn how to garden
store bought vegetables were getting too expensive,he wanted to grow his own vegetables because store bought vegetables were getting too expensive,he wanted to grow his own vegetables
the drought was longer than expected,store bought vegetables were getting too expensive because the drought was longer than expected,store bought vegetables were getting too expensive
weather patterns are unpredictable,the drought was longer than expected because weather patterns are unpredictable,the drought was longer than expected
he needed to buy something,John went to the store because he needed to buy something,John went to the store
he ran out of flour,he needed to buy something because he ran out of flour,he needed to buy something
he used all of the flour while baking pizza,he ran out of flour because he used all of the flour while baking pizza,he ran out of flour
the recipe called for the whole bag of flour,he used all of the flour while baking pizza because the recipe called for the whole bag of flour,he used all of the flour while baking pizza
a pizza requires the whole bag of flour,the recipe called for the whole bag of flour because a pizza requires the whole bag of flour,the recipe called for the whole bag of flour
her old computer broke,Meg bought a new computer because her old computer broke,Meg bought a new computer
it was very old,her old computer broke because it was very old,her old computer broke
meg hadn't any money to buy a new one in the past,it was very old because meg hadn't any money to buy a new one in the past,it was very old
she had been fired from her last job,meg hadn't any money to buy a new one in the past because she had been fired from her last job,meg hadn't any money to buy a new one in the past
the economy was doing poorly,she had been fired from her last job because the economy was doing poorly,she had been fired from her last job
he was hungry,Tom cooked dinner because he was hungry,Tom cooked dinner
it had been 6 hours since lunch,he was hungry because it had been 6 hours since lunch,he was hungry
tom didn't have any snacks between lunch & dinner,it had been 6 hours since lunch because tom didn't have any snacks between lunch & dinner,it had been 6 hours since lunch
he was trying to lose weight,tom didn't have any snacks between lunch & dinner because he was trying to lose weight,tom didn't have any snacks between lunch & dinner
they were dirty,Alex did the dishes because they were dirty,Alex did the dishes
he used them to eat,they were dirty because he used them to eat,they were dirty
he needs food,he used them to eat because he needs food,he used them to eat
without food he will die,he needs food because without food he will die,he needs food
the body needs nutrition,without food he will die because the body needs nutrition,without food he will die
she was hungry,Amy ate a sandwich because she was hungry,Amy ate a sandwich
it was time for lunch,she was hungry because it was time for lunch,she was hungry
it was noon,it was time for lunch because it was noon,it was time for lunch
she looked at the clock,it was noon because she looked at the clock,it was noon
she was getting hungry,she looked at the clock because she was getting hungry,she looked at the clock
he wanted to grow a garden,Jack read a book about gardening because he wanted to grow a garden,Jack read a book about gardening
he wanted fresh produce,he wanted to grow a garden because he wanted fresh produce,he wanted to grow a garden
he could save money,he wanted fresh produce because he could save money,he wanted fresh produce
he would have his own source of food,he could save money because he would have his own source of food,he could save money
he would grow the food,he would have his own source of food because he would grow the food,he would have his own source of food
he needed groceries,John went to the store because he needed groceries,John went to the store
he had to have food in his house,he needed groceries because he had to have food in his house,he needed groceries
if he got hungry he would need access to food,he had to have food in his house because if he got hungry he would need access to food,he had to have food in his house
he would be able to eat the food,if he got hungry he would need access to food because he would be able to eat the food,if he got hungry he would need access to food
she has a car to drive,Maya drove to work because she has a car to drive,Maya drove to work
she earned the money to buy it,she has a car to drive because she earned the money to buy it,she has a car to drive
she worked a job,she earned the money to buy it because she worked a job,she earned the money to buy it
she needed an income,she worked a job because she needed an income,she worked a job
she had to have money to survive,she needed an income because she had to have money to survive,she needed an income
they were dirty,Alex did the dishes because they were dirty,Alex did the dishes
they had been used,they were dirty because they had been used,they were dirty
he didn't like eating off the table,they had been used because he didn't like eating off the table,they had been used
it is too big,he didn't like eating off the table because it is too big,he didn't like eating off the table
she was hungry,Amy ate a sandwich because she was hungry,Amy ate a sandwich
she hadn't eaten for several hours,she was hungry because she hadn't eaten for several hours,she was hungry
she wasn't allowed to snack,she hadn't eaten for several hours because she wasn't allowed to snack,she hadn't eaten for several hours
it would spoil her appetite,she wasn't allowed to snack because it would spoil her appetite,she wasn't allowed to snack
eating makes her not hungry,it would spoil her appetite because eating makes her not hungry,it would spoil her appetite
he wanted to plant a garden,Jack read a book about gardening because he wanted to plant a garden,Jack read a book about gardening
he wanted to eliminate chemicals from his food,he wanted to plant a garden because he wanted to eliminate chemicals from his food,he wanted to plant a garden
chemicals can be bad for you,he wanted to eliminate chemicals from his food because chemicals can be bad for you,he wanted to eliminate chemicals from his food
they haven't been adequately tested,chemicals can be bad for you because they haven't been adequately tested,chemicals can be bad for you
government is controlled by business,they haven't been adequately tested because government is controlled by business,they haven't been adequately tested
because he needed some things,John went to the store because because he needed some things,John went to the store
he was going to cook supper,because he needed some things because he was going to cook supper,because he needed some things
there was nothing ready to eat,he was going to cook supper because there was nothing ready to eat,he was going to cook supper
all the leftovers were gone,there was nothing ready to eat because all the leftovers were gone,there was nothing ready to eat
they had been eaten,all the leftovers were gone because they had been eaten,all the leftovers were gone
her old computer was antiquated,Meg bought a new computer because her old computer was antiquated,Meg bought a new computer
it was 10 years old,her old computer was antiquated because it was 10 years old,her old computer was antiquated
it was made 10 years ago,it was 10 years old because it was made 10 years ago,it was 10 years old
computers were in use at that time,it was made 10 years ago because computers were in use at that time,it was made 10 years ago
they had been invented and were useful,computers were in use at that time because they had been invented and were useful,computers were in use at that time
she was hungry,Amy ate a sandwich because she was hungry,Amy ate a sandwich
she hadn't eaten breakfast,she was hungry because she hadn't eaten breakfast,she was hungry
she was in a hurry this morning,she hadn't eaten breakfast because she was in a hurry this morning,she hadn't eaten breakfast
she was late for a meeting,she was in a hurry this morning because she was late for a meeting,she was in a hurry this morning
her alarm clock didn't go off,she was late for a meeting because her alarm clock didn't go off,she was late for a meeting
he is interested in it,Jack read a book about gardening because he is interested in it,Jack read a book about gardening
his grandfather was interested in it,he is interested in it because his grandfather was interested in it,he is interested in it
he had to grow his own vegetables as a child,his grandfather was interested in it because he had to grow his own vegetables as a child,his grandfather was interested in it
his family had a small farm,he had to grow his own vegetables as a child because his family had a small farm,he had to grow his own vegetables as a child
they come from a long line of farmers,his family had a small farm because they come from a long line of farmers,his family had a small farm
he needed to buy eggs,John went to the store because he needed to buy eggs,John went to the store
he wanted to make a quiche,he needed to buy eggs because he wanted to make a quiche,he needed to buy eggs
his girlfriend was coming over that morning,he wanted to make a quiche because his girlfriend was coming over that morning,he wanted to make a quiche
she wanted to see him before she left on a trip,his girlfriend was coming over that morning because she wanted to see him before she left on a trip,his girlfriend was coming over that morning
she had to go in on a weekend,Maya drove to work because she had to go in on a weekend,Maya drove to work
her boss called her and asked her to,she had to go in on a weekend because her boss called her and asked her to,she had to go in on a weekend
they were very behind on a project,her boss called her and asked her to because they were very behind on a project,her boss called her and asked her to
a winter storm had shut down their offices for several days,they were very behind on a project because a winter storm had shut down their offices for several days,they were very behind on a project
their city wasn't prepared for snow,a winter storm had shut down their offices for several days because their city wasn't prepared for snow,a winter storm had shut down their offices for several days
the tire was flat,Sam repaired his bicycle because the tire was flat,Sam repaired his bicycle
he ran over a nail,the tire was flat because he ran over a nail,the tire was flat
he was riding it through a warehouse parking lot,he ran over a nail because he was riding it through a warehouse parking lot,he ran over a nail
he wanted to see a girl who worked there,he was riding it through a warehouse parking lot because he wanted to see a girl who worked there,he was riding it through a warehouse parking lot
he was attracted to her,he wanted to see a girl who worked there because he was attracted to her,he wanted to see a girl who worked there
he wants to start gardening,Jack read a book about gardening because he wants to start gardening,Jack read a book about gardening
he wants to eat healthier,he wants to start gardening because he wants to eat healthier,he wants to start gardening
his doctor said he should improve his diet,he wants to eat healthier because his doctor said he should improve his diet,he wants to eat healthier
his exam and reports weren't so positive,his doctor said he should improve his diet because his exam and reports weren't so positive,his doctor said he should improve his diet
he doesn't exercise or eat too healthily,his exam and reports weren't so positive because he doesn't exercise or eat too healthily,his exam and reports weren't so positive
she needed to send a letter,Jane went to the post office because she needed to send a letter,Jane went to the post office
her brother's birthday was soon,she needed to send a letter because her brother's birthday was soon,she needed to send a letter
he was born on a date close to the present date,her brother's birthday was soon because he was born on a date close to the present date,her brother's birthday was soon
that is when his mother gave birth to him,he was born on a date close to the present date because that is when his mother gave birth to him,he was born on a date close to the present date
it was a workday,Maya drove to work because it was a workday,Maya drove to work
it is Monday,it was a workday because it is Monday,it was a workday
her old one fell and broke,Meg bought a new computer because her old one fell and broke,Meg bought a new computer
she didn't set it securely on the counter,her old one fell and broke because she didn't set it securely on the counter,her old one fell and broke
she was in a hurry,she didn't set it securely on the counter because she was in a hurry,she didn't set it securely on the counter
she was late getting to work,she was in a hurry because she was late getting to work,she was in a hurry
her alarm didn't go off,she was late getting to work because her alarm didn't go off,she was late getting to work
it is damaged and he needs it to get places,Sam repaired his bicycle because it is damaged and he needs it to get places,Sam repaired his bicycle
he was hungry,Tom cooked dinner because he was hungry,Tom cooked dinner
he didn't eat lunch,he was hungry because he didn't eat lunch,he was hungry
he was too busy to eat,he didn't eat lunch because he was too busy to eat,he didn't eat lunch
he had an important project due,he was too busy to eat because he had an important project due,he was too busy to eat
he was given the responsibility 2 weeks earlier,he had an important project due because he was given the responsibility 2 weeks earlier,he had an important project due
the sink was piled high with dirty dishes,Alex did the dishes because the sink was piled high with dirty dishes,Alex did the dishes
he had been too busy to wash them this week,the sink was piled high with dirty dishes because he had been too busy to wash them this week,the sink was piled high with dirty dishes
he had more than his usual commitments,he had been too busy to wash them this week because he had more than his usual commitments,he had been too busy to wash them this week
it turned out that a lot of responsibilities fell heavy this week,he had more than his usual commitments because it turned out that a lot of responsibilities fell heavy this week,he had more than his usual commitments
it was simply random happenstance,it turned out that a lot of responsibilities fell heavy this week because it was simply random happenstance,it turned out that a lot of responsibilities fell heavy this week
she was hungry,Amy ate a sandwich because she was hungry,Amy ate a sandwich
she skipped breakfast,she was hungry because she skipped breakfast,she was hungry
she didn't have time to eat,she skipped breakfast because she didn't have time to eat,she skipped breakfast
she overslept and was late for school,she didn't have time to eat because she overslept and was late for school,she didn't have time to eat
she stayed up late studying for her test,she overslept and was late for school because she stayed up late studying for her test,she overslept and was late for school
he wanted to plant a garden in his backyard,Jack read a book about gardening because he wanted to plant a garden in his backyard,Jack read a book about gardening
he felt like starting a new hobby,he wanted to plant a garden in his backyard because he felt like starting a new hobby,he wanted to plant a garden in his backyard
he was bored with his life,he felt like starting a new hobby because he was bored with his life,he felt like starting a new hobby
it had become too routine,he was bored with his life because it had become too routine,he was bored with his life
she had an 8 hour shift today,Maya drove to work because she had an 8 hour shift today,Maya drove to work
that is how the manager scheduled her,she had an 8 hour shift today because that is how the manager scheduled her,she had an 8 hour shift today
she was one of the few people available to work that day,that is how the manager scheduled her because she was one of the few people available to work that day,that is how the manager scheduled her
most of the employees ask for Sunday off,she was one of the few people available to work that day because most of the employees ask for Sunday off,she was one of the few people available to work that day
they go to church and or like watching sports that day,most of the employees ask for Sunday off because they go to church and or like watching sports that day,most of the employees ask for Sunday off
the chain slipped off the other day when riding home,Sam repaired his bicycle because the chain slipped off the other day when riding home,Sam repaired his bicycle
he shifted gears to fast,the chain slipped off the other day when riding home because he shifted gears to fast,the chain slipped off the other day when riding home
he was somewhat careless,he shifted gears to fast because he was somewhat careless,he shifted gears to fast
it had been a long day and he was tired,he was somewhat careless because it had been a long day and he was tired,he was somewhat careless
he worked a full shift and then stayed late at his job,it had been a long day and he was tired because he worked a full shift and then stayed late at his job,it had been a long day and he was tired
she was hungry,Amy ate a sandwich because she was hungry,Amy ate a sandwich
she hadn't eaten since breakfast,she was hungry because she hadn't eaten since breakfast,she was hungry
there was no time to eat,she hadn't eaten since breakfast because there was no time to eat,she hadn't eaten since breakfast
she was at work,there was no time to eat because she was at work,there was no time to eat
she has a job,she was at work because she has a job,she was at work
he was interested in starting a garden,Jack read a book about gardening because he was interested in starting a garden,Jack read a book about gardening
he wanted to cook with fresh vegetables,he was interested in starting a garden because he wanted to cook with fresh vegetables,he was interested in starting a garden
he wanted to eat a healthier diet,he wanted to cook with fresh vegetables because he wanted to eat a healthier diet,he wanted to cook with fresh vegetables
he wanted to maintain his health,he wanted to eat a healthier diet because he wanted to maintain his health,he wanted to eat a healthier diet
he was low on milk,John went to the store because he was low on milk,John went to the store
he had been using a lot of milk lately,he was low on milk because he had been using a lot of milk lately,he was low on milk
he was drinking more coffee and he liked it better with a lot of milk,he had been using a lot of milk lately because he was drinking more coffee and he liked it better with a lot of milk,he had been using a lot of milk lately
He was having trouble waking up in the morning,he was drinking more coffee and he liked it better with a lot of milk because He was having trouble waking up in the morning,he was drinking more coffee and he liked it better with a lot of milk
he was staying up too late at night,He was having trouble waking up in the morning because he was staying up too late at night,He was having trouble waking up in the morning
it was too far to walk,Maya drove to work because it was too far to walk,Maya drove to work
she couldn't find a job closer to her home,it was too far to walk because she couldn't find a job closer to her home,it was too far to walk
she lived in a bedroom community,she couldn't find a job closer to her home because she lived in a bedroom community,she couldn't find a job closer to her home
she enjoyed the peace and quiet,she lived in a bedroom community because she enjoyed the peace and quiet,she lived in a bedroom community
she was able to relax better in quiet,she enjoyed the peace and quiet because she was able to relax better in quiet,she enjoyed the peace and quiet
he was hungry,Tom cooked dinner because he was hungry,Tom cooked dinner
he hadn't eaten since lunch,he was hungry because he hadn't eaten since lunch,he was hungry
he doesn't like to snack between meals,he hadn't eaten since lunch because he doesn't like to snack between meals,he hadn't eaten since lunch
snacking leads to weight gain,he doesn't like to snack between meals because snacking leads to weight gain,he doesn't like to snack between meals
it adds more calories to burn off,snacking leads to weight gain because it adds more calories to burn off,snacking leads to weight gain
he did not like messes,Alex did the dishes because he did not like messes,Alex did the dishes
his mothe taught him to be clean,he did not like messes because his mothe taught him to be clean,he did not like messes
it was what she had been taught,his mothe taught him to be clean because it was what she had been taught,his mothe taught him to be clean
her mother liked cleanliness,it was what she had been taught because her mother liked cleanliness,it was what she had been taught
she just did,her mother liked cleanliness because she just did,her mother liked cleanliness
he wanted to plant a garden,Jack read a book about gardening because he wanted to plant a garden,Jack read a book about gardening
he wanted organic vegetables,he wanted to plant a garden because he wanted organic vegetables,he wanted to plant a garden
they were healthier,he wanted organic vegetables because they were healthier,he wanted organic vegetables
they did not have pesticides on them,they were healthier because they did not have pesticides on them,they were healthier
Jack would not use them,they did not have pesticides on them because Jack would not use them,they did not have pesticides on them
she needed stamps,Jane went to the post office because she needed stamps,Jane went to the post office
she wanted to mail sone postcards,she needed stamps because she wanted to mail sone postcards,she needed stamps
she was on vacation,she wanted to mail sone postcards because she was on vacation,she wanted to mail sone postcards
it was summer,she was on vacation because it was summer,she was on vacation
it was July,it was summer because it was July,it was summer
it was Monday,Maya drove to work because it was Monday,Maya drove to work
yesterday was Sunday,it was Monday because yesterday was Sunday,it was Monday
the day before was Saturday,yesterday was Sunday because the day before was Saturday,yesterday was Sunday
she needed one,Meg bought a new computer because she needed one,Meg bought a new computer
she was in school,she needed one because she was in school,she needed one
she wanted to better herself,she was in school because she wanted to better herself,she was in school
she wanted to travel,she wanted to better herself because she wanted to travel,she wanted to better herself
she wanted to see the world,she wanted to travel because she wanted to see the world,she wanted to travel
she was hungry,Amy ate a sandwich because she was hungry,Amy ate a sandwich
she hadn't eaten recently,she was hungry because she hadn't eaten recently,she was hungry
she was busy,she hadn't eaten recently because she was busy,she hadn't eaten recently
she was working,she was busy because she was working,she was busy
she needs to provide for herself,she was working because she needs to provide for herself,she was working
he is starting a garden,Jack read a book about gardening because he is starting a garden,Jack read a book about gardening
he wants to grow his own food,he is starting a garden because he wants to grow his own food,he is starting a garden
he prefers organic,he wants to grow his own food because he prefers organic,he wants to grow his own food
its free of pesticides,he prefers organic because its free of pesticides,he prefers organic
he doesnt use any,its free of pesticides because he doesnt use any,its free of pesticides
she had a package to send,Jane went to the post office because she had a package to send,Jane went to the post office
she had a gift for someone but they were to far for her to bring it herself,she had a package to send because she had a gift for someone but they were to far for her to bring it herself,she had a package to send
they lived in another state,she had a gift for someone but they were to far for her to bring it herself because they lived in another state,she had a gift for someone but they were to far for her to bring it herself
they moved,they lived in another state because they moved,they lived in another state
thats where the work was,they moved because thats where the work was,they moved
she needed to get to work,Maya drove to work because she needed to get to work,Maya drove to work
her job requires her to be there,she needed to get to work because her job requires her to be there,she needed to get to work
thats where she does her work,her job requires her to be there because thats where she does her work,her job requires her to be there
thats her job,thats where she does her work because thats her job,thats where she does her work
her old one was obsolete ,Meg bought a new computer because her old one was obsolete ,Meg bought a new computer
technology is ever changing,her old one was obsolete  because technology is ever changing,her old one was obsolete 
developers come up with new technology frquently,technology is ever changing because developers come up with new technology frquently,technology is ever changing
consumers want it,developers come up with new technology frquently because consumers want it,developers come up with new technology frquently
they need it,consumers want it because they need it,consumers want it
they were dirty,Alex did the dishes because they were dirty,Alex did the dishes
they had been used,they were dirty because they had been used,they were dirty
Alex's family ate dinner on these dishes,they had been used because Alex's family ate dinner on these dishes,they had been used
Alex's mother cooked dinner and they needed to eat on something,Alex's family ate dinner on these dishes because Alex's mother cooked dinner and they needed to eat on something,Alex's family ate dinner on these dishes
people need something to eat on,Alex's mother cooked dinner and they needed to eat on something because people need something to eat on,Alex's mother cooked dinner and they needed to eat on something
Amy was hungry,Amy ate a sandwich because Amy was hungry,Amy ate a sandwich
she handn't eaten since breakfast,Amy was hungry because she handn't eaten since breakfast,Amy was hungry
she was at work,she handn't eaten since breakfast because she was at work,she handn't eaten since breakfast
she had bills to pay so she worked for a living,she was at work because she had bills to pay so she worked for a living,she was at work
things she needs to get by in life cost money,she had bills to pay so she worked for a living because things she needs to get by in life cost money,she had bills to pay so she worked for a living
Jane had to mail a package,Jane went to the post office because Jane had to mail a package,Jane went to the post office
her boyfriend lived on the other side of the country,Jane had to mail a package because her boyfriend lived on the other side of the country,Jane had to mail a package
they met on the internet,her boyfriend lived on the other side of the country because they met on the internet,her boyfriend lived on the other side of the country
she was shy and akward and had trouble dealing with people in person,they met on the internet because she was shy and akward and had trouble dealing with people in person,they met on the internet
she had a large forehead which made her self conscious,she was shy and akward and had trouble dealing with people in person because she had a large forehead which made her self conscious,she was shy and akward and had trouble dealing with people in person
John needed beer,John went to the store because John needed beer,John went to the store
he was going to watch the game,John needed beer because he was going to watch the game,John needed beer
his team was playing,he was going to watch the game because his team was playing,he was going to watch the game
the NFL scheduled a game involving his team,his team was playing because the NFL scheduled a game involving his team,his team was playing
her old computer was slow,Meg bought a new computer because her old computer was slow,Meg bought a new computer
she had downloaded malware,her old computer was slow because she had downloaded malware,her old computer was slow
she thought 'bonzi buddy' was cute so she installed it,she had downloaded malware because she thought 'bonzi buddy' was cute so she installed it,she had downloaded malware
it was a lovable character that talked to her while she surfed the net,she thought 'bonzi buddy' was cute so she installed it because it was a lovable character that talked to her while she surfed the net,she thought 'bonzi buddy' was cute so she installed it
the malware programmers thought people were more likely to install their malware if they disguised it as something that it wasn't,it was a lovable character that talked to her while she surfed the net because the malware programmers thought people were more likely to install their malware if they disguised it as something that it wasn't,it was a lovable character that talked to her while she surfed the net
she was hungry,Amy ate a sandwich because she was hungry,Amy ate a sandwich
the body requires nutrients,she was hungry because the body requires nutrients,she was hungry
nutrients provide energy,the body requires nutrients because nutrients provide energy,the body requires nutrients
everything begins with physics,nutrients provide energy because everything begins with physics,nutrients provide energy
the universe formed a certain way,everything begins with physics because the universe formed a certain way,everything begins with physics
he wanted to buy things,John went to the store because he wanted to buy things,John went to the store
they make his life easier,he wanted to buy things because they make his life easier,he wanted to buy things
they are technological advances,they make his life easier because they are technological advances,they make his life easier
they began as an idea,they are technological advances because they began as an idea,they are technological advances
she wanted money,Maya drove to work because she wanted money,Maya drove to work
money can be exchanged for goods and services,she wanted money because money can be exchanged for goods and services,she wanted money
humans created something called the marketplace,money can be exchanged for goods and services because humans created something called the marketplace,money can be exchanged for goods and services
it makes it easier to survive,humans created something called the marketplace because it makes it easier to survive,humans created something called the marketplace
technology advances,it makes it easier to survive because technology advances,it makes it easier to survive
she wanted newer technology,Meg bought a new computer because she wanted newer technology,Meg bought a new computer
She cares about social status,she wanted newer technology because She cares about social status,she wanted newer technology
It is human nature to care about social status,She cares about social status because It is human nature to care about social status,She cares about social status
humans are a social species,It is human nature to care about social status because humans are a social species,It is human nature to care about social status
they find it easier to survive that way,humans are a social species because they find it easier to survive that way,humans are a social species
he was hungry,Tom cooked dinner because he was hungry,Tom cooked dinner
his body required nutrients,he was hungry because his body required nutrients,he was hungry
his biochemical structure needs energy,his body required nutrients because his biochemical structure needs energy,his body required nutrients
otherwise he would die,his biochemical structure needs energy because otherwise he would die,his biochemical structure needs energy
he wouldn't have energy,otherwise he would die because he wouldn't have energy,otherwise he would die
the were dirty,Alex did the dishes because the were dirty,Alex did the dishes
they were used gor dinner,the were dirty because they were used gor dinner,the were dirty
they had to eat un plates,they were used gor dinner because they had to eat un plates,they were used gor dinner
the dinner was done,they had to eat un plates because the dinner was done,they had to eat un plates
he finished cooking,the dinner was done because he finished cooking,the dinner was done
he wanted to plant,Jack read a book about gardening because he wanted to plant,Jack read a book about gardening
he want fresh vegetables,he wanted to plant because he want fresh vegetables,he wanted to plant
he can't afford the ones they sell on the supermarket,he want fresh vegetables because he can't afford the ones they sell on the supermarket,he want fresh vegetables
they are to high price,he can't afford the ones they sell on the supermarket because they are to high price,he can't afford the ones they sell on the supermarket
he needed some supplies,John went to the store because he needed some supplies,John went to the store
his house ran out of the supplies,he needed some supplies because his house ran out of the supplies,he needed some supplies
they were used the day before,his house ran out of the supplies because they were used the day before,his house ran out of the supplies
the house needed cleaning,they were used the day before because the house needed cleaning,they were used the day before
the house was dirty,the house needed cleaning because the house was dirty,the house needed cleaning
she needs to pay her rent,Maya drove to work because she needs to pay her rent,Maya drove to work
she needs a place to live,she needs to pay her rent because she needs a place to live,she needs to pay her rent
she can't live on the street,she needs a place to live because she can't live on the street,she needs a place to live
she might get wet,she can't live on the street because she might get wet,she can't live on the street
there's no were to hide if it rains,she might get wet because there's no were to hide if it rains,she might get wet
it got broken,Sam repaired his bicycle because it got broken,Sam repaired his bicycle
he was using it,it got broken because he was using it,it got broken
he needed to get to school,he was using it because he needed to get to school,he was using it
he needs to learn,he needed to get to school because he needs to learn,he needed to get to school
he will get a job eventually,he needs to learn because he will get a job eventually,he needs to learn
his wife cooks and he cleans,Alex did the dishes because his wife cooks and he cleans,Alex did the dishes
he's not a good cook and they split the chores,his wife cooks and he cleans because he's not a good cook and they split the chores,his wife cooks and he cleans
he wants to help out around the house,he's not a good cook and they split the chores because he wants to help out around the house,he's not a good cook and they split the chores
so that he doesn't feel useless,he wants to help out around the house because so that he doesn't feel useless,he wants to help out around the house
she wanted something healthy,Amy ate a sandwich because she wanted something healthy,Amy ate a sandwich
she is trying to lose to weight,she wanted something healthy because she is trying to lose to weight,she wanted something healthy
she gained a few pounds over the winter,she is trying to lose to weight because she gained a few pounds over the winter,she is trying to lose to weight
she injured her hip while running and had to take time off,she gained a few pounds over the winter because she injured her hip while running and had to take time off,she gained a few pounds over the winter
she was training for a marathon,she injured her hip while running and had to take time off because she was training for a marathon,she injured her hip while running and had to take time off
to mail her mother a card,Jane went to the post office because to mail her mother a card,Jane went to the post office
it's her mother's birthday soon,to mail her mother a card because it's her mother's birthday soon,to mail her mother a card
she was born on that day 60 years ago,it's her mother's birthday soon because she was born on that day 60 years ago,it's her mother's birthday soon
her parents conceived her then,she was born on that day 60 years ago because her parents conceived her then,she was born on that day 60 years ago
they were in love and wanted to start a family,her parents conceived her then because they were in love and wanted to start a family,her parents conceived her then
her laptop was stolen,Meg bought a new computer because her laptop was stolen,Meg bought a new computer
she left it unattended at the coffee shop,her laptop was stolen because she left it unattended at the coffee shop,her laptop was stolen
she went to grab a refill of coffee,she left it unattended at the coffee shop because she went to grab a refill of coffee,she left it unattended at the coffee shop
she needed more caffeine to stay awake to study,she went to grab a refill of coffee because she needed more caffeine to stay awake to study,she went to grab a refill of coffee
so she can get an A on the exam,she needed more caffeine to stay awake to study because so she can get an A on the exam,she needed more caffeine to stay awake to study
he was hungry,Tom cooked dinner because he was hungry,Tom cooked dinner
he did not eat since breakfast,he was hungry because he did not eat since breakfast,he was hungry
he had meetings all day at work,he did not eat since breakfast because he had meetings all day at work,he did not eat since breakfast
he's working on a big project,he had meetings all day at work because he's working on a big project,he had meetings all day at work
the client wanted everything done very quickly,he's working on a big project because the client wanted everything done very quickly,he's working on a big project
his gf cooked,Alex did the dishes because his gf cooked,Alex did the dishes
they needed to eat something,his gf cooked because they needed to eat something,his gf cooked
humans need food to make eneregy,they needed to eat something because humans need food to make eneregy,they needed to eat something
otherwise people would die,humans need food to make eneregy because otherwise people would die,humans need food to make eneregy
they won't have any food to make energey,otherwise people would die because they won't have any food to make energey,otherwise people would die
she was hungry,Amy ate a sandwich because she was hungry,Amy ate a sandwich
sh hasn't eaten since lunch,she was hungry because sh hasn't eaten since lunch,she was hungry
she was caught up with work,sh hasn't eaten since lunch because she was caught up with work,sh hasn't eaten since lunch
her client was being stupid and caused a lot of issue,she was caught up with work because her client was being stupid and caused a lot of issue,she was caught up with work
he wanted plant some stuff in his backyard,Jack read a book about gardening because he wanted plant some stuff in his backyard,Jack read a book about gardening
he just recently bought a house with a backyard,he wanted plant some stuff in his backyard because he just recently bought a house with a backyard,he wanted plant some stuff in his backyard
his had a new born kid and they needed a bigger home,he just recently bought a house with a backyard because his had a new born kid and they needed a bigger home,he just recently bought a house with a backyard
he loves his wife and they wanted to start a family together,his had a new born kid and they needed a bigger home because he loves his wife and they wanted to start a family together,his had a new born kid and they needed a bigger home
they felt in love,he loves his wife and they wanted to start a family together because they felt in love,he loves his wife and they wanted to start a family together
he needs to make money,Maya drove to work because he needs to make money,Maya drove to work
he needs to afford his rent,he needs to make money because he needs to afford his rent,he needs to make money
he needs to live there ,he needs to afford his rent because he needs to live there ,he needs to afford his rent
if he doesn't live there he won't have a place to live,he needs to live there  because if he doesn't live there he won't have a place to live,he needs to live there 
he doesn't want to be homless,if he doesn't live there he won't have a place to live because he doesn't want to be homless,if he doesn't live there he won't have a place to live
her old computer was getting slow ,Meg bought a new computer because her old computer was getting slow ,Meg bought a new computer
she downloaded a lot of crap on it,her old computer was getting slow  because she downloaded a lot of crap on it,her old computer was getting slow 
she doesn't know how to clean up her computer,she downloaded a lot of crap on it because she doesn't know how to clean up her computer,she downloaded a lot of crap on it
she's not that proficient in computer,she doesn't know how to clean up her computer because she's not that proficient in computer,she doesn't know how to clean up her computer
she never learn them,she's not that proficient in computer because she never learn them,she's not that proficient in computer
the dishes were dirty,Alex did the dishes because the dishes were dirty,Alex did the dishes
the family had eaten dinner,the dishes were dirty because the family had eaten dinner,the dishes were dirty
they were all hungry,the family had eaten dinner because they were all hungry,the family had eaten dinner
they had not eaten for a long time,they were all hungry because they had not eaten for a long time,they were all hungry
they had had a busy day,they had not eaten for a long time because they had had a busy day,they had not eaten for a long time
she was hungry,Amy ate a sandwich because she was hungry,Amy ate a sandwich
she had not had breakfast,she was hungry because she had not had breakfast,she was hungry
she had overslept,she had not had breakfast because she had overslept,she had not had breakfast
she had been up all night,she had overslept because she had been up all night,she had overslept
she had a paper to write,she had been up all night because she had a paper to write,she had been up all night
he wanted to start his own garden,Jack read a book about gardening because he wanted to start his own garden,Jack read a book about gardening
he wanted to grow fresh vegetables,he wanted to start his own garden because he wanted to grow fresh vegetables,he wanted to start his own garden
he was fat and worried about his health,he wanted to grow fresh vegetables because he was fat and worried about his health,he wanted to grow fresh vegetables
he only ate junk food,he was fat and worried about his health because he only ate junk food,he was fat and worried about his health
he did not know how to cook for himself,he only ate junk food because he did not know how to cook for himself,he only ate junk food
he was out of food,John went to the store because he was out of food,John went to the store
he had not been to the store for a long time,he was out of food because he had not been to the store for a long time,he was out of food
he did not have much money,he had not been to the store for a long time because he did not have much money,he had not been to the store for a long time
he had lost of his job recently,he did not have much money because he had lost of his job recently,he did not have much money
he was lazy ,he had lost of his job recently because he was lazy ,he had lost of his job recently
she had to earn a paycheck,Maya drove to work because she had to earn a paycheck,Maya drove to work
she had to pay her mortgage,she had to earn a paycheck because she had to pay her mortgage,she had to earn a paycheck
she did not want to lose her home,she had to pay her mortgage because she did not want to lose her home,she had to pay her mortgage
she did not want to be homeless,she did not want to lose her home because she did not want to be homeless,she did not want to lose her home
it was his chore,Alex did the dishes because it was his chore,Alex did the dishes
his parents said so,it was his chore because his parents said so,it was his chore
they pay the bills in the house,his parents said so because they pay the bills in the house,his parents said so
 they are home owners,they pay the bills in the house because  they are home owners,they pay the bills in the house
they wanted a home to start a family, they are home owners because they wanted a home to start a family, they are home owners
 she wanted ice cream,John went to the store because  she wanted ice cream,John went to the store
she was craving ice cream, she wanted ice cream because she was craving ice cream, she wanted ice cream
 she's pregnant,she was craving ice cream because  she's pregnant,she was craving ice cream
she had sex with a male, she's pregnant because she had sex with a male, she's pregnant
because it feels good,she had sex with a male because because it feels good,she had sex with a male
she needed to spreadsheets at home,Meg bought a new computer because she needed to spreadsheets at home,Meg bought a new computer
she works from home,she needed to spreadsheets at home because she works from home,she needed to spreadsheets at home
her jobs lets her,she works from home because her jobs lets her,she works from home
they want to reduce work place stress,her jobs lets her because they want to reduce work place stress,her jobs lets her
The company has stressful working conditions,they want to reduce work place stress because The company has stressful working conditions,they want to reduce work place stress
it was broken,Sam repaired his bicycle because it was broken,Sam repaired his bicycle
he jumped off a ramp,it was broken because he jumped off a ramp,it was broken
it was fun,he jumped off a ramp because it was fun,he jumped off a ramp
sam lives in middle of no where,it was fun because sam lives in middle of no where,it was fun
he was hosting tonight's football night,Tom cooked dinner because he was hosting tonight's football night,Tom cooked dinner
because his friends usually rotate between houses,he was hosting tonight's football night because because his friends usually rotate between houses,he was hosting tonight's football night
it's a guys night out,because his friends usually rotate between houses because it's a guys night out,because his friends usually rotate between houses
their wives nag,it's a guys night out because their wives nag,it's a guys night out
they don't pay attention to them,their wives nag because they don't pay attention to them,their wives nag
it was his day to do them,Alex did the dishes because it was his day to do them,Alex did the dishes
his family has a chore chart,it was his day to do them because his family has a chore chart,it was his day to do them
every one needs to pitch in,his family has a chore chart because every one needs to pitch in,his family has a chore chart
it is the fair thing to do,every one needs to pitch in because it is the fair thing to do,every one needs to pitch in
it keeps the household fair,it is the fair thing to do because it keeps the household fair,it is the fair thing to do
he wanted to start a garden,Jack read a book about gardening because he wanted to start a garden,Jack read a book about gardening
he wanted fresh vegetables,he wanted to start a garden because he wanted fresh vegetables,he wanted to start a garden
he wanted to start eating healthy,he wanted fresh vegetables because he wanted to start eating healthy,he wanted fresh vegetables
to maintain a healthy body weight,he wanted to start eating healthy because to maintain a healthy body weight,he wanted to start eating healthy
he wants to live longer,to maintain a healthy body weight because he wants to live longer,to maintain a healthy body weight
he was planning a party,John went to the store because he was planning a party,John went to the store
it was super bowl weekend,he was planning a party because it was super bowl weekend,he was planning a party
the super bowl is on Sunday,it was super bowl weekend because the super bowl is on Sunday,it was super bowl weekend
that is when the NFL planned it,the super bowl is on Sunday because that is when the NFL planned it,the super bowl is on Sunday
his other one broke,Meg bought a new computer because his other one broke,Meg bought a new computer
he got a virus,his other one broke because he got a virus,his other one broke
he opened an email attatchment that infected his computer,he got a virus because he opened an email attatchment that infected his computer,he got a virus
he thought  it was from a friend,he opened an email attatchment that infected his computer because he thought  it was from a friend,he opened an email attatchment that infected his computer
the email had his friends email and name,he thought  it was from a friend because the email had his friends email and name,he thought  it was from a friend
it was broken in an accident,Sam repaired his bicycle because it was broken in an accident,Sam repaired his bicycle
he was hit by a car,it was broken in an accident because he was hit by a car,it was broken in an accident
the drver wasn't paying attention,he was hit by a car because the drver wasn't paying attention,he was hit by a car
he was looking at his cell phone,the drver wasn't paying attention because he was looking at his cell phone,the drver wasn't paying attention
he was texting his friend,he was looking at his cell phone because he was texting his friend,he was looking at his cell phone
they needed to be done,Alex did the dishes because they needed to be done,Alex did the dishes
they were dirty,they needed to be done because they were dirty,they needed to be done
they had been used,they were dirty because they had been used,they were dirty
food had been placed on them,they had been used because food had been placed on them,they had been used
that's what you use dishes for,food had been placed on them because that's what you use dishes for,food had been placed on them
Amy was hungry,Amy ate a sandwich because Amy was hungry,Amy ate a sandwich
Amy hadn't eaten in hours,Amy was hungry because Amy hadn't eaten in hours,Amy was hungry
she had no money for food,Amy hadn't eaten in hours because she had no money for food,Amy hadn't eaten in hours
she was robbed,she had no money for food because she was robbed,she had no money for food
a burglar thought she had money,she was robbed because a burglar thought she had money,she was robbed
he was interested in gardening,Jack read a book about gardening because he was interested in gardening,Jack read a book about gardening
he wanted to start a garden,he was interested in gardening because he wanted to start a garden,he was interested in gardening
he was interested in gardening,he wanted to start a garden because he was interested in gardening,he wanted to start a garden
he wanted to start a garden,he was interested in gardening because he wanted to start a garden,he was interested in gardening
he was interested in gardening,he wanted to start a garden because he was interested in gardening,he wanted to start a garden
it was broken,Sam repaired his bicycle because it was broken,Sam repaired his bicycle
it was used roughly,it was broken because it was used roughly,it was broken
the owner did not care for it,it was used roughly because the owner did not care for it,it was used roughly
the owner was a horrible person,the owner did not care for it because the owner was a horrible person,the owner did not care for it
he was brought up wrong,the owner was a horrible person because he was brought up wrong,the owner was a horrible person
raw dinner is unhealthy,Tom cooked dinner because raw dinner is unhealthy,Tom cooked dinner
you can die from eating raw meat,raw dinner is unhealthy because you can die from eating raw meat,raw dinner is unhealthy
bacteria on the meat can infect and kill you,you can die from eating raw meat because bacteria on the meat can infect and kill you,you can die from eating raw meat
that's what bacteria do,bacteria on the meat can infect and kill you because that's what bacteria do,bacteria on the meat can infect and kill you
he was asked to,Alex did the dishes because he was asked to,Alex did the dishes
his mother wanted him to,he was asked to because his mother wanted him to,he was asked to
she was tired,his mother wanted him to because she was tired,his mother wanted him to
she'd made the meal,she was tired because she'd made the meal,she was tired
they needed to eat,she'd made the meal because they needed to eat,she'd made the meal
it interested him,Jack read a book about gardening because it interested him,Jack read a book about gardening
he wondered how to grow vegetables,it interested him because he wondered how to grow vegetables,it interested him
he thought eating fresh vegetables would be good,he wondered how to grow vegetables because he thought eating fresh vegetables would be good,he wondered how to grow vegetables
they are healthful,he thought eating fresh vegetables would be good because they are healthful,he thought eating fresh vegetables would be good
they provide nutrients,they are healthful because they provide nutrients,they are healthful
he needed groceries,John went to the store because he needed groceries,John went to the store
he had eaten all his food,he needed groceries because he had eaten all his food,he needed groceries
he hadn't been shopping in a while,he had eaten all his food because he hadn't been shopping in a while,he had eaten all his food
he didn't want to go shopping,he hadn't been shopping in a while because he didn't want to go shopping,he hadn't been shopping in a while
her old one was broken,Meg bought a new computer because her old one was broken,Meg bought a new computer
it was old,her old one was broken because it was old,her old one was broken
she'd bought it a long time ago,it was old because she'd bought it a long time ago,it was old
she needed one for school,she'd bought it a long time ago because she needed one for school,she'd bought it a long time ago
she had essays to write,she needed one for school because she had essays to write,she needed one for school
he was hungry,Tom cooked dinner because he was hungry,Tom cooked dinner
he'd worked all day,he was hungry because he'd worked all day,he was hungry
that was his job,he'd worked all day because that was his job,he'd worked all day
he was offered that job,that was his job because he was offered that job,that was his job
he had expertise,he was offered that job because he had expertise,he was offered that job
she was hungry,Amy ate a sandwich because she was hungry,Amy ate a sandwich
she hadn't eaten in a long time,she was hungry because she hadn't eaten in a long time,she was hungry
she forgot to eat while playing water polo,she hadn't eaten in a long time because she forgot to eat while playing water polo,she hadn't eaten in a long time
your not supposed to eat while swimming,she forgot to eat while playing water polo because your not supposed to eat while swimming,she forgot to eat while playing water polo
you can get stomach aches,your not supposed to eat while swimming because you can get stomach aches,your not supposed to eat while swimming
he wanted to mail a letter,Jane went to the post office because he wanted to mail a letter,Jane went to the post office
he wanted to tell his ex-wife how much he disliked her,he wanted to mail a letter because he wanted to tell his ex-wife how much he disliked her,he wanted to mail a letter
she was a bad person,he wanted to tell his ex-wife how much he disliked her because she was a bad person,he wanted to tell his ex-wife how much he disliked her
she told him he would never amount to anything,she was a bad person because she told him he would never amount to anything,she was a bad person
he didn't really amount to anything,she told him he would never amount to anything because he didn't really amount to anything,she told him he would never amount to anything
he needed a gun,John went to the store because he needed a gun,John went to the store
people had been breaking into his house,he needed a gun because people had been breaking into his house,he needed a gun
he had lots of gold,people had been breaking into his house because he had lots of gold,people had been breaking into his house
he invested in gold a long time ago,he had lots of gold because he invested in gold a long time ago,he had lots of gold
it was a good investment,he invested in gold a long time ago because it was a good investment,he invested in gold a long time ago
she needed to make money,Maya drove to work because she needed to make money,Maya drove to work
 she had to pay her rent,she needed to make money because  she had to pay her rent,she needed to make money
she had to have a place to live, she had to pay her rent because she had to have a place to live, she had to pay her rent
without a place to live she would be homeless,she had to have a place to live because without a place to live she would be homeless,she had to have a place to live
she didn't have anywhere else to live,without a place to live she would be homeless because she didn't have anywhere else to live,without a place to live she would be homeless
it had a flat tire,Sam repaired his bicycle because it had a flat tire,Sam repaired his bicycle
he almost got in an accident,it had a flat tire because he almost got in an accident,it had a flat tire
he came around a corner to fast,he almost got in an accident because he came around a corner to fast,he almost got in an accident
he was trying to show off,he came around a corner to fast because he was trying to show off,he came around a corner to fast
He needed milk,John went to the store because He needed milk,John went to the store
the jug was empty,He needed milk because the jug was empty,He needed milk
someone drank it all,the jug was empty because someone drank it all,the jug was empty
they were thirsty,someone drank it all because they were thirsty,someone drank it all
it was hot outside,they were thirsty because it was hot outside,they were thirsty
she was scheduled to be there,Maya drove to work because she was scheduled to be there,Maya drove to work
it wasn't her day off,she was scheduled to be there because it wasn't her day off,she was scheduled to be there
Her boss said she had to work,it wasn't her day off because Her boss said she had to work,it wasn't her day off
he needed her,Her boss said she had to work because he needed her,Her boss said she had to work
the store was busy,he needed her because the store was busy,he needed her
her old one quit working,Meg bought a new computer because her old one quit working,Meg bought a new computer
lightning struck it,her old one quit working because lightning struck it,her old one quit working
she left it plugged in,lightning struck it because she left it plugged in,lightning struck it
she was in a hurry when she left,she left it plugged in because she was in a hurry when she left,she left it plugged in
it was broke,Sam repaired his bicycle because it was broke,Sam repaired his bicycle
he crashed it into a pole,it was broke because he crashed it into a pole,it was broke
he wasn't looking where he was going,he crashed it into a pole because he wasn't looking where he was going,he crashed it into a pole
he was daydreaming,he wasn't looking where he was going because he was daydreaming,he wasn't looking where he was going
he was thinking about a girl,he was daydreaming because he was thinking about a girl,he was daydreaming
he was hungry,Tom cooked dinner because he was hungry,Tom cooked dinner
he had not eaten lunch,he was hungry because he had not eaten lunch,he was hungry
the meeting ran late,he had not eaten lunch because the meeting ran late,he had not eaten lunch
there were a lot of disagreements,the meeting ran late because there were a lot of disagreements,the meeting ran late
no one could agree,there were a lot of disagreements because no one could agree,there were a lot of disagreements
she had to mail a letter,Jane went to the post office because she had to mail a letter,Jane went to the post office
she wanted to contact her aunt,she had to mail a letter because she wanted to contact her aunt,she had to mail a letter
her neice passed away,she wanted to contact her aunt because her neice passed away,she wanted to contact her aunt
she was sick,her neice passed away because she was sick,her neice passed away
she caught the bird flu,she was sick because she caught the bird flu,she was sick
it was quicker than walking,Maya drove to work because it was quicker than walking,Maya drove to work
cars are faster than people,it was quicker than walking because cars are faster than people,it was quicker than walking
they have engines,cars are faster than people because they have engines,cars are faster than people
that is how they run,they have engines because that is how they run,they have engines
her old one broke,Meg bought a new computer because her old one broke,Meg bought a new computer
she got a virus on it,her old one broke because she got a virus on it,her old one broke
she clicked on a bad link,she got a virus on it because she clicked on a bad link,she got a virus on it
it promised her money,she clicked on a bad link because it promised her money,she clicked on a bad link
it was a scam,it promised her money because it was a scam,it promised her money
the tire was flat,Sam repaired his bicycle because the tire was flat,Sam repaired his bicycle
he ran over a nail,the tire was flat because he ran over a nail,the tire was flat
he was riding on a bad road,he ran over a nail because he was riding on a bad road,he ran over a nail
he had to take a detour,he was riding on a bad road because he had to take a detour,he was riding on a bad road
the bridge was out,he had to take a detour because the bridge was out,he had to take a detour
he was hungry,Tom cooked dinner because he was hungry,Tom cooked dinner
he hadn't eaten all day,he was hungry because he hadn't eaten all day,he was hungry
he was busy,he hadn't eaten all day because he was busy,he hadn't eaten all day
he was working on his car,he was busy because he was working on his car,he was busy
the engine blew up,he was working on his car because the engine blew up,he was working on his car
she was hungry,Amy ate a sandwich because she was hungry,Amy ate a sandwich
she had not eaten yet,she was hungry because she had not eaten yet,she was hungry
she did not like breakfast,she had not eaten yet because she did not like breakfast,she had not eaten yet
the eggs were too runny,she did not like breakfast because the eggs were too runny,she did not like breakfast
they had not been cooked as long as she likes,the eggs were too runny because they had not been cooked as long as she likes,the eggs were too runny
she needed to mail a letter,Jane went to the post office because she needed to mail a letter,Jane went to the post office
she needed to let everyone know about her wedding date,she needed to mail a letter because she needed to let everyone know about her wedding date,she needed to mail a letter
she wanted them to come to the wedding,she needed to let everyone know about her wedding date because she wanted them to come to the wedding,she needed to let everyone know about her wedding date
she found their company pleasant,she wanted them to come to the wedding because she found their company pleasant,she wanted them to come to the wedding
they were kind and friendly,she found their company pleasant because they were kind and friendly,she found their company pleasant
her old computer had become obsolete,Meg bought a new computer because her old computer had become obsolete,Meg bought a new computer
it was ten years old,her old computer had become obsolete because it was ten years old,her old computer had become obsolete
she had not been able to afford a new one before then,it was ten years old because she had not been able to afford a new one before then,it was ten years old
she had to pay off student loan debts,she had not been able to afford a new one before then because she had to pay off student loan debts,she had not been able to afford a new one before then
the chain was broken,Sam repaired his bicycle because the chain was broken,Sam repaired his bicycle
it had caught on a stick while dirt biking,the chain was broken because it had caught on a stick while dirt biking,the chain was broken
he had not been careful enough,it had caught on a stick while dirt biking because he had not been careful enough,it had caught on a stick while dirt biking
He was biking with friends,he had not been careful enough because He was biking with friends,he had not been careful enough
it's much more fun to be with friends than alone,He was biking with friends because it's much more fun to be with friends than alone,He was biking with friends
he had a guest coming over,Tom cooked dinner because he had a guest coming over,Tom cooked dinner
he wanted to impress her,he had a guest coming over because he wanted to impress her,he had a guest coming over
he thought she was a kind woman,he wanted to impress her because he thought she was a kind woman,he wanted to impress her
he had seen her help a small boy when he fell down,he thought she was a kind woman because he had seen her help a small boy when he fell down,he thought she was a kind woman
the small boy had not been paying attention and tripped,he had seen her help a small boy when he fell down because the small boy had not been paying attention and tripped,he had seen her help a small boy when he fell down
his sink was full of dirty dishes,Alex did the dishes because his sink was full of dirty dishes,Alex did the dishes
he just made dinner,his sink was full of dirty dishes because he just made dinner,his sink was full of dirty dishes
he was hungry,he just made dinner because he was hungry,he just made dinner
he just came home from a long day at work,he was hungry because he just came home from a long day at work,he was hungry
he had to work overtime,he just came home from a long day at work because he had to work overtime,he just came home from a long day at work
she was hungry,Amy ate a sandwich because she was hungry,Amy ate a sandwich
she hadn't eaten all day,she was hungry because she hadn't eaten all day,she was hungry
she was very busy,she hadn't eaten all day because she was very busy,she hadn't eaten all day
she was planning her wedding,she was very busy because she was planning her wedding,she was very busy
she is to be married in two months,she was planning her wedding because she is to be married in two months,she was planning her wedding
he needed to buy groceries,John went to the store because he needed to buy groceries,John went to the store
he was out of several things,he needed to buy groceries because he was out of several things,he needed to buy groceries
he hadn't gone shopping for a while,he was out of several things because he hadn't gone shopping for a while,he was out of several things
he has been busy,he hadn't gone shopping for a while because he has been busy,he hadn't gone shopping for a while
he has a lot going on right now,he has been busy because he has a lot going on right now,he has been busy
the bus wasn't available today,Maya drove to work because the bus wasn't available today,Maya drove to work
it wasn't running today,the bus wasn't available today because it wasn't running today,the bus wasn't available today
the bus driver was sick,it wasn't running today because the bus driver was sick,it wasn't running today
there is a cold going around,the bus driver was sick because there is a cold going around,the bus driver was sick
people get sick,there is a cold going around because people get sick,there is a cold going around
the tire was flat,Sam repaired his bicycle because the tire was flat,Sam repaired his bicycle
he ran over a piece of glass,the tire was flat because he ran over a piece of glass,the tire was flat
somebody smashed a bottle in the street,he ran over a piece of glass because somebody smashed a bottle in the street,he ran over a piece of glass
some people are not considerate,somebody smashed a bottle in the street because some people are not considerate,somebody smashed a bottle in the street
he wants to start a garden,Jack read a book about gardening because he wants to start a garden,Jack read a book about gardening
he would like to eat fresh fruit and vegetables,he wants to start a garden because he would like to eat fresh fruit and vegetables,he wants to start a garden
he wants to be more healthy,he would like to eat fresh fruit and vegetables because he wants to be more healthy,he would like to eat fresh fruit and vegetables
he wants to have a higher quality of living,he wants to be more healthy because he wants to have a higher quality of living,he wants to be more healthy
he wants to be happier,he wants to have a higher quality of living because he wants to be happier,he wants to have a higher quality of living
she enjoys driving,Maya drove to work because she enjoys driving,Maya drove to work
it's fun to her,she enjoys driving because it's fun to her,she enjoys driving
she enjoys the feel of the road,it's fun to her because she enjoys the feel of the road,it's fun to her
it's a pleasant experience,she enjoys the feel of the road because it's a pleasant experience,she enjoys the feel of the road
she can feel the power under her feet,it's a pleasant experience because she can feel the power under her feet,it's a pleasant experience
she needed one,Meg bought a new computer because she needed one,Meg bought a new computer
her work requires a computer,she needed one because her work requires a computer,she needed one
a lot of her work is online,her work requires a computer because a lot of her work is online,her work requires a computer
it's the nature of her profession,a lot of her work is online because it's the nature of her profession,a lot of her work is online
he wants to ride his bike,Sam repaired his bicycle because he wants to ride his bike,Sam repaired his bicycle
he wants to exercise more,he wants to ride his bike because he wants to exercise more,he wants to ride his bike
he wants to get in shape,he wants to exercise more because he wants to get in shape,he wants to exercise more
he wants to live a healthier life,he wants to get in shape because he wants to live a healthier life,he wants to get in shape
he wants to feel better about himself,he wants to live a healthier life because he wants to feel better about himself,he wants to live a healthier life
he was hungry,Tom cooked dinner because he was hungry,Tom cooked dinner
he hadn't eaten all day,he was hungry because he hadn't eaten all day,he was hungry
he was busy,he hadn't eaten all day because he was busy,he hadn't eaten all day
he has a job,he was busy because he has a job,he was busy
he needs to pay his bills,he has a job because he needs to pay his bills,he has a job
she was hungry,Amy ate a sandwich because she was hungry,Amy ate a sandwich
she hasn't had a meal in hours,she was hungry because she hasn't had a meal in hours,she was hungry
she was busy running errands,she hasn't had a meal in hours because she was busy running errands,she hasn't had a meal in hours
today was the only day that was free,she was busy running errands because today was the only day that was free,she was busy running errands
the rest of the week she was working,today was the only day that was free because the rest of the week she was working,today was the only day that was free
he wanted to learn how to run a garden,Jack read a book about gardening because he wanted to learn how to run a garden,Jack read a book about gardening
he wanted some fresh vegetables,he wanted to learn how to run a garden because he wanted some fresh vegetables,he wanted to learn how to run a garden
they taste a lot better than store bought,he wanted some fresh vegetables because they taste a lot better than store bought,he wanted some fresh vegetables
they haven't been sitting,they taste a lot better than store bought because they haven't been sitting,they taste a lot better than store bought
they were freshly cut,they haven't been sitting because they were freshly cut,they haven't been sitting
it was time for her shift,Maya drove to work because it was time for her shift,Maya drove to work
she was scheduled to work today,it was time for her shift because she was scheduled to work today,it was time for her shift
the manager thought it was best,she was scheduled to work today because the manager thought it was best,she was scheduled to work today
the hours worked for everybody,the manager thought it was best because the hours worked for everybody,the manager thought it was best
it didn't conflict with anyone,the hours worked for everybody because it didn't conflict with anyone,the hours worked for everybody
it was broken,Sam repaired his bicycle because it was broken,Sam repaired his bicycle
someone crashed it,it was broken because someone crashed it,it was broken
they were being careless,someone crashed it because they were being careless,someone crashed it
they didn't respect Sam,they were being careless because they didn't respect Sam,they were being careless
he wanted something to eat,Tom cooked dinner because he wanted something to eat,Tom cooked dinner
his stomach was making noises,he wanted something to eat because his stomach was making noises,he wanted something to eat
he didn't eat for a long time,his stomach was making noises because he didn't eat for a long time,his stomach was making noises
the amount of work he had to finish,he didn't eat for a long time because the amount of work he had to finish,he didn't eat for a long time
he was putting it off,the amount of work he had to finish because he was putting it off,the amount of work he had to finish
his dishwasher was broken,Alex did the dishes because his dishwasher was broken,Alex did the dishes
his children had put crayons in it,his dishwasher was broken because his children had put crayons in it,his dishwasher was broken
they didn't like the colors and wanted to change them,his children had put crayons in it because they didn't like the colors and wanted to change them,his children had put crayons in it
they thought the colors were too dark,they didn't like the colors and wanted to change them because they thought the colors were too dark,they didn't like the colors and wanted to change them
they were trying to draw pictures of snowflakes,they thought the colors were too dark because they were trying to draw pictures of snowflakes,they thought the colors were too dark
the salad was unavailable,Amy ate a sandwich because the salad was unavailable,Amy ate a sandwich
the lettuce was not shipped in time,the salad was unavailable because the lettuce was not shipped in time,the salad was unavailable
a snow squall prevented the crop from being picked,the lettuce was not shipped in time because a snow squall prevented the crop from being picked,the lettuce was not shipped in time
the workers could not access the fields,a snow squall prevented the crop from being picked because the workers could not access the fields,a snow squall prevented the crop from being picked
large amounts of wet snow made the ground muddy,the workers could not access the fields because large amounts of wet snow made the ground muddy,the workers could not access the fields
he needed toilet paper,John went to the store because he needed toilet paper,John went to the store
he had overnight guests,he needed toilet paper because he had overnight guests,he needed toilet paper
his best friend was in town,he had overnight guests because his best friend was in town,he had overnight guests
he had a job interview,his best friend was in town because he had a job interview,his best friend was in town
he recently left his wife,he had a job interview because he recently left his wife,he had a job interview
the bus service was unavailable,Maya drove to work because the bus service was unavailable,Maya drove to work
a large crater formed in the intersection,the bus service was unavailable because a large crater formed in the intersection,the bus service was unavailable
a water main broke,a large crater formed in the intersection because a water main broke,a large crater formed in the intersection
poor installation by the contractors,a water main broke because poor installation by the contractors,a water main broke
they underbid the job to get the work,poor installation by the contractors because they underbid the job to get the work,poor installation by the contractors
his auto was in the shop and he needed transportation,Sam repaired his bicycle because his auto was in the shop and he needed transportation,Sam repaired his bicycle
he previously had been in an accident,his auto was in the shop and he needed transportation because he previously had been in an accident,his auto was in the shop and he needed transportation
an opposum with babies had crossed the highway as he was passing,he previously had been in an accident because an opposum with babies had crossed the highway as he was passing,he previously had been in an accident
there was a pack of coyotes moving from the hills towards them,an opposum with babies had crossed the highway as he was passing because there was a pack of coyotes moving from the hills towards them,an opposum with babies had crossed the highway as he was passing
he was told to,Alex did the dishes because he was told to,Alex did the dishes
his mom didn't want to do them,he was told to because his mom didn't want to do them,he was told to
she was busy buying crack,his mom didn't want to do them because she was busy buying crack,his mom didn't want to do them
shes an addict,she was busy buying crack because shes an addict,she was busy buying crack
her father touched her,shes an addict because her father touched her,shes an addict
he wanted to grow pot,Jack read a book about gardening because he wanted to grow pot,Jack read a book about gardening
buying weed is expensive,he wanted to grow pot because buying weed is expensive,he wanted to grow pot
the federal war on drugs has artificially inflated prices,buying weed is expensive because the federal war on drugs has artificially inflated prices,buying weed is expensive
more risk equals more reward,the federal war on drugs has artificially inflated prices because more risk equals more reward,the federal war on drugs has artificially inflated prices
people want to be paid for risking their lives,more risk equals more reward because people want to be paid for risking their lives,more risk equals more reward
her old one was stolen,Meg bought a new computer because her old one was stolen,Meg bought a new computer
someone broke into her house,her old one was stolen because someone broke into her house,her old one was stolen
they wanted her things,someone broke into her house because they wanted her things,someone broke into her house
they could sell them for drugs,they wanted her things because they could sell them for drugs,they wanted her things
fence's don't ask a lot of questions,they could sell them for drugs because fence's don't ask a lot of questions,they could sell them for drugs
it was broken,Sam repaired his bicycle because it was broken,Sam repaired his bicycle
someone tried to steal it,it was broken because someone tried to steal it,it was broken
they wanted crack money,someone tried to steal it because they wanted crack money,someone tried to steal it
they're an addict,they wanted crack money because they're an addict,they wanted crack money
they made some bad life choices,they're an addict because they made some bad life choices,they're an addict
he wanted a steak,Tom cooked dinner because he wanted a steak,Tom cooked dinner
meat is delicious,he wanted a steak because meat is delicious,he wanted a steak
evolution designed us to derive nutrition from many sources,meat is delicious because evolution designed us to derive nutrition from many sources,meat is delicious
omnivores have a better chance of surviving in rapidly changing conditions,evolution designed us to derive nutrition from many sources because omnivores have a better chance of surviving in rapidly changing conditions,evolution designed us to derive nutrition from many sources
they were dirty,Alex did the dishes because they were dirty,Alex did the dishes
nobody else cleaned them,they were dirty because nobody else cleaned them,they were dirty
they are lazy,nobody else cleaned them because they are lazy,nobody else cleaned them
Alex lets them be lazy,they are lazy because Alex lets them be lazy,they are lazy
he has no back bone,Alex lets them be lazy because he has no back bone,Alex lets them be lazy
she was hungry,Amy ate a sandwich because she was hungry,Amy ate a sandwich
she hadn't eaten,she was hungry because she hadn't eaten,she was hungry
she was busy,she hadn't eaten because she was busy,she hadn't eaten
she had to work,she was busy because she had to work,she was busy
she needed money,she had to work because she needed money,she had to work
she needed to mail something,Jane went to the post office because she needed to mail something,Jane went to the post office
it was to far to walk,Maya drove to work because it was to far to walk,Maya drove to work
her old one was slow,Meg bought a new computer because her old one was slow,Meg bought a new computer
it was old,her old one was slow because it was old,her old one was slow
she bought it years ago,it was old because she bought it years ago,it was old
she hasn't bought one since then,she bought it years ago because she hasn't bought one since then,she bought it years ago
she didn't have the money,she hasn't bought one since then because she didn't have the money,she hasn't bought one since then
the chain fell off,Sam repaired his bicycle because the chain fell off,Sam repaired his bicycle
he was riding to fast,the chain fell off because he was riding to fast,the chain fell off
people were chasing him,he was riding to fast because people were chasing him,he was riding to fast
he robbed a bank,people were chasing him because he robbed a bank,people were chasing him
he needed money,he robbed a bank because he needed money,he robbed a bank
they were dirty,Alex did the dishes because they were dirty,Alex did the dishes
he had made a complicated dinner the night before,they were dirty because he had made a complicated dinner the night before,they were dirty
he had a date that night,he had made a complicated dinner the night before because he had a date that night,he had made a complicated dinner the night before
he'd called around to see if a friend of his was available,he had a date that night because he'd called around to see if a friend of his was available,he had a date that night
he'd always found her cute,he'd called around to see if a friend of his was available because he'd always found her cute,he'd called around to see if a friend of his was available
he wanted to learn how to grow vegetables,Jack read a book about gardening because he wanted to learn how to grow vegetables,Jack read a book about gardening
the vegetables at the store weren't very good,he wanted to learn how to grow vegetables because the vegetables at the store weren't very good,he wanted to learn how to grow vegetables
they were covered in pesticides,the vegetables at the store weren't very good because they were covered in pesticides,the vegetables at the store weren't very good
there had been a problem with pests that season,they were covered in pesticides because there had been a problem with pests that season,they were covered in pesticides
the weather was unseasonably warm,there had been a problem with pests that season because the weather was unseasonably warm,there had been a problem with pests that season
he needed milk,John went to the store because he needed milk,John went to the store
he wanted cereal for breakfast,he needed milk because he wanted cereal for breakfast,he needed milk
he had no more oatmeal,he wanted cereal for breakfast because he had no more oatmeal,he wanted cereal for breakfast
he ate all of the oatmeal earlier in the week,he had no more oatmeal because he ate all of the oatmeal earlier in the week,he had no more oatmeal
it was his favorite breakfast food,he ate all of the oatmeal earlier in the week because it was his favorite breakfast food,he ate all of the oatmeal earlier in the week
it was broken,Sam repaired his bicycle because it was broken,Sam repaired his bicycle
he had crashed and bent the fender,it was broken because he had crashed and bent the fender,it was broken
he wasn't paying attention to where he was going,he had crashed and bent the fender because he wasn't paying attention to where he was going,he had crashed and bent the fender
he saw a pretty girl,he wasn't paying attention to where he was going because he saw a pretty girl,he wasn't paying attention to where he was going
she was wearing a red dress,he saw a pretty girl because she was wearing a red dress,he saw a pretty girl
he was hungry,Tom cooked dinner because he was hungry,Tom cooked dinner
He'd skipped lunch,he was hungry because He'd skipped lunch,he was hungry
he was very busy at work,He'd skipped lunch because he was very busy at work,He'd skipped lunch
there were many projects going on,he was very busy at work because there were many projects going o,he was very busy at work
